-- =========================================
-- contract_ai.db (SQLite) - versioned seed (v2)
-- attributes columns kept + versionId + attributeKey
-- =========================================

PRAGMA foreign_keys = ON;

DROP TABLE IF EXISTS attribute_reviews;
DROP TABLE IF EXISTS attributes;
DROP TABLE IF EXISTS document_versions;
DROP TABLE IF EXISTS documents;

CREATE TABLE IF NOT EXISTS documents (
  id TEXT PRIMARY KEY,
  title TEXT,
  uploadedAt TEXT,
  status TEXT,
  attributeCount INTEGER,
  overallConfidence INTEGER,
  reviewedBy TEXT,
  source TEXT,
  storageRef TEXT,
  currentVersionId TEXT,
  currentVersionNumber INTEGER DEFAULT 1
);

CREATE TABLE IF NOT EXISTS document_versions (
  id TEXT PRIMARY KEY,
  documentId TEXT NOT NULL,
  versionNumber INTEGER NOT NULL,
  isLatest INTEGER NOT NULL DEFAULT 0,
  createdAt TEXT,
  createdBy TEXT,
  status TEXT,
  storageRef TEXT NOT NULL,
  notes TEXT,
  FOREIGN KEY (documentId) REFERENCES documents(id) ON DELETE CASCADE,
  UNIQUE(documentId, versionNumber)
);

-- Attributes table keeps the original columns you listed,
-- and adds versionId + attributeKey to support versioning tabs.
CREATE TABLE IF NOT EXISTS attributes (
  id TEXT PRIMARY KEY,
  documentId TEXT NOT NULL,
  name TEXT,
  category TEXT,
  section TEXT,
  page INTEGER,
  confidenceScore INTEGER,
  confidenceLevel TEXT,
  extractedValue TEXT,
  correctedValue TEXT,
  highlightedText TEXT,
  versionId TEXT NOT NULL,
  attributeKey TEXT NOT NULL,
  FOREIGN KEY (documentId) REFERENCES documents(id) ON DELETE CASCADE,
  FOREIGN KEY (versionId) REFERENCES document_versions(id) ON DELETE CASCADE,
  UNIQUE(attributeKey, versionId)
);

CREATE TABLE IF NOT EXISTS attribute_reviews (
  id INTEGER PRIMARY KEY AUTOINCREMENT,
  documentId TEXT NOT NULL,
  versionId TEXT NOT NULL,
  attributeKey TEXT NOT NULL,
  oldCorrectedValue TEXT,
  newCorrectedValue TEXT,
  reviewedBy TEXT,
  reviewedAt TEXT
);

CREATE INDEX IF NOT EXISTS idx_versions_documentId ON document_versions(documentId);
CREATE INDEX IF NOT EXISTS idx_versions_latest ON document_versions(documentId, isLatest);
CREATE INDEX IF NOT EXISTS idx_attributes_doc_ver ON attributes(documentId, versionId);
CREATE INDEX IF NOT EXISTS idx_attributes_attrKey ON attributes(attributeKey);

-- =========================================
-- Seed data
-- =========================================

-- =========================================
-- Seed data (updated so some attributes last changed in v2)
-- =========================================

INSERT INTO documents (id, title, uploadedAt, status, attributeCount, overallConfidence, reviewedBy, source, storageRef, currentVersionId, currentVersionNumber) VALUES ('doc-001', 'Service Agreement – Acme Corp.pdf', '2024-01-15', 'Pending Review', 10, 78, NULL, 'salesforce', 'contracts/2024/acme-service-agreement_v3.pdf', 'doc-001-v3', 3);
INSERT INTO documents (id, title, uploadedAt, status, attributeCount, overallConfidence, reviewedBy, source, storageRef, currentVersionId, currentVersionNumber) VALUES ('doc-002', 'NDA – TechStart Inc.pdf', '2024-01-14', 'Reviewed', 8, 92, 'Sarah Johnson', 'conga', 'contracts/2024/techstart-nda_v3.pdf', 'doc-002-v3', 3);
INSERT INTO documents (id, title, uploadedAt, status, attributeCount, overallConfidence, reviewedBy, source, storageRef, currentVersionId, currentVersionNumber) VALUES ('doc-003', 'Master Services Agreement – GlobalTech.pdf', '2024-01-13', 'Pending Review', 6, 65, NULL, 'sftp', 'contracts/2024/globaltech-msa_v3.pdf', 'doc-003-v3', 3);
INSERT INTO documents (id, title, uploadedAt, status, attributeCount, overallConfidence, reviewedBy, source, storageRef, currentVersionId, currentVersionNumber) VALUES ('doc-004', 'Software License – DataFlow Systems.pdf', '2024-01-12', 'Approved', 5, 95, 'Michael Chen', 'salesforce', 'contracts/2024/dataflow-license_v3.pdf', 'doc-004-v3', 3);
INSERT INTO documents (id, title, uploadedAt, status, attributeCount, overallConfidence, reviewedBy, source, storageRef, currentVersionId, currentVersionNumber) VALUES ('doc-005', 'Consulting Agreement – Innovation Labs.pdf', '2024-01-11', 'Pending Review', 6, 72, NULL, 'conga', 'contracts/2024/innovation-consulting_v3.pdf', 'doc-005-v3', 3);

INSERT INTO document_versions (id, documentId, versionNumber, isLatest, createdAt, createdBy, status, storageRef, notes) VALUES ('doc-001-v1', 'doc-001', 1, 0, '2024-01-15', 'system', 'Original', 'contracts/2024/acme-service-agreement.pdf', NULL);
INSERT INTO document_versions (id, documentId, versionNumber, isLatest, createdAt, createdBy, status, storageRef, notes) VALUES ('doc-001-v2', 'doc-001', 2, 0, '2024-01-18', 'system', 'Reviewed', 'contracts/2024/acme-service-agreement_v2.pdf', 'Minor updates after initial review');
INSERT INTO document_versions (id, documentId, versionNumber, isLatest, createdAt, createdBy, status, storageRef, notes) VALUES ('doc-001-v3', 'doc-001', 3, 1, '2024-01-21', 'system', 'Pending Review', 'contracts/2024/acme-service-agreement_v3.pdf', 'Latest version (post-approval changes)');
INSERT INTO document_versions (id, documentId, versionNumber, isLatest, createdAt, createdBy, status, storageRef, notes) VALUES ('doc-002-v1', 'doc-002', 1, 0, '2024-01-14', 'Sarah Johnson', 'Original', 'contracts/2024/techstart-nda.pdf', NULL);
INSERT INTO document_versions (id, documentId, versionNumber, isLatest, createdAt, createdBy, status, storageRef, notes) VALUES ('doc-002-v2', 'doc-002', 2, 0, '2024-01-17', 'Sarah Johnson', 'Reviewed', 'contracts/2024/techstart-nda_v2.pdf', 'Minor updates after initial review');
INSERT INTO document_versions (id, documentId, versionNumber, isLatest, createdAt, createdBy, status, storageRef, notes) VALUES ('doc-002-v3', 'doc-002', 3, 1, '2024-01-20', 'Sarah Johnson', 'Reviewed', 'contracts/2024/techstart-nda_v3.pdf', 'Latest version (post-approval changes)');
INSERT INTO document_versions (id, documentId, versionNumber, isLatest, createdAt, createdBy, status, storageRef, notes) VALUES ('doc-003-v1', 'doc-003', 1, 0, '2024-01-13', 'system', 'Original', 'contracts/2024/globaltech-msa.pdf', NULL);
INSERT INTO document_versions (id, documentId, versionNumber, isLatest, createdAt, createdBy, status, storageRef, notes) VALUES ('doc-003-v2', 'doc-003', 2, 0, '2024-01-16', 'system', 'Reviewed', 'contracts/2024/globaltech-msa_v2.pdf', 'Minor updates after initial review');
INSERT INTO document_versions (id, documentId, versionNumber, isLatest, createdAt, createdBy, status, storageRef, notes) VALUES ('doc-003-v3', 'doc-003', 3, 1, '2024-01-19', 'system', 'Pending Review', 'contracts/2024/globaltech-msa_v3.pdf', 'Latest version (post-approval changes)');
INSERT INTO document_versions (id, documentId, versionNumber, isLatest, createdAt, createdBy, status, storageRef, notes) VALUES ('doc-004-v1', 'doc-004', 1, 0, '2024-01-12', 'Michael Chen', 'Original', 'contracts/2024/dataflow-license.pdf', NULL);
INSERT INTO document_versions (id, documentId, versionNumber, isLatest, createdAt, createdBy, status, storageRef, notes) VALUES ('doc-004-v2', 'doc-004', 2, 0, '2024-01-15', 'Michael Chen', 'Reviewed', 'contracts/2024/dataflow-license_v2.pdf', 'Minor updates after initial review');
INSERT INTO document_versions (id, documentId, versionNumber, isLatest, createdAt, createdBy, status, storageRef, notes) VALUES ('doc-004-v3', 'doc-004', 3, 1, '2024-01-18', 'Michael Chen', 'Approved', 'contracts/2024/dataflow-license_v3.pdf', 'Latest version (post-approval changes)');
INSERT INTO document_versions (id, documentId, versionNumber, isLatest, createdAt, createdBy, status, storageRef, notes) VALUES ('doc-005-v1', 'doc-005', 1, 0, '2024-01-11', 'system', 'Original', 'contracts/2024/innovation-consulting.pdf', NULL);
INSERT INTO document_versions (id, documentId, versionNumber, isLatest, createdAt, createdBy, status, storageRef, notes) VALUES ('doc-005-v2', 'doc-005', 2, 0, '2024-01-14', 'system', 'Reviewed', 'contracts/2024/innovation-consulting_v2.pdf', 'Minor updates after initial review');
INSERT INTO document_versions (id, documentId, versionNumber, isLatest, createdAt, createdBy, status, storageRef, notes) VALUES ('doc-005-v3', 'doc-005', 3, 1, '2024-01-17', 'system', 'Pending Review', 'contracts/2024/innovation-consulting_v3.pdf', 'Latest version (post-approval changes)');

INSERT INTO attributes (id, documentId, name, category, section, page, confidenceScore, confidenceLevel, extractedValue, correctedValue, highlightedText, versionId, attributeKey) VALUES ('attr-001--doc-001-v1', 'doc-001', 'Contract Start Date', 'Dates', 'Terms and Conditions', 1, 95, 'high', 'January 1, 2024', '', 'This Agreement shall commence on January 1, 2024 (the "Effective Date") and shall continue for a period of twelve (12) months unless earlier terminated in accordance with the provisions herein.', 'doc-001-v1', 'attr-001');
INSERT INTO attributes (id, documentId, name, category, section, page, confidenceScore, confidenceLevel, extractedValue, correctedValue, highlightedText, versionId, attributeKey) VALUES ('attr-002--doc-001-v1', 'doc-001', 'Contract End Date', 'Dates', 'Terms and Conditions', 1, 92, 'high', 'December 31, 2024', '', 'The initial term of this Agreement shall expire on December 31, 2024, subject to renewal provisions outlined in Section 5.2.', 'doc-001-v1', 'attr-002');
INSERT INTO attributes (id, documentId, name, category, section, page, confidenceScore, confidenceLevel, extractedValue, correctedValue, highlightedText, versionId, attributeKey) VALUES ('attr-003--doc-001-v1', 'doc-001', 'Total Contract Value', 'Financial', 'Payment Terms', 1, 75, 'medium', '$150,000', '', 'The total value of services under this Agreement shall not exceed One Hundred Fifty Thousand Dollars ($150,000) unless mutually agreed upon in writing by both parties.', 'doc-001-v1', 'attr-003');
INSERT INTO attributes (id, documentId, name, category, section, page, confidenceScore, confidenceLevel, extractedValue, correctedValue, highlightedText, versionId, attributeKey) VALUES ('attr-004--doc-001-v1', 'doc-001', 'Payment Terms', 'Financial', 'Payment Terms', 1, 88, 'high', 'Net 30', '', 'Payment shall be due within thirty (30) days of invoice receipt. Late payments shall accrue interest at a rate of 1.5% per month.', 'doc-001-v1', 'attr-004');
INSERT INTO attributes (id, documentId, name, category, section, page, confidenceScore, confidenceLevel, extractedValue, correctedValue, highlightedText, versionId, attributeKey) VALUES ('attr-005--doc-001-v1', 'doc-001', 'Governing Law', 'Legal', 'General Provisions', 1, 98, 'high', 'State of Delaware', '', 'This Agreement shall be governed by and construed in accordance with the laws of the State of Delaware, without regard to its conflict of laws principles.', 'doc-001-v1', 'attr-005');
INSERT INTO attributes (id, documentId, name, category, section, page, confidenceScore, confidenceLevel, extractedValue, correctedValue, highlightedText, versionId, attributeKey) VALUES ('attr-006--doc-001-v1', 'doc-001', 'Termination Notice Period', 'Terms', 'Termination', 1, 40, 'low', '30 days', '', 'Either party may terminate this Agreement upon providing written notice to the other party. The notice period and specific conditions are outlined in the attached Schedule A.', 'doc-001-v1', 'attr-006');
INSERT INTO attributes (id, documentId, name, category, section, page, confidenceScore, confidenceLevel, extractedValue, correctedValue, highlightedText, versionId, attributeKey) VALUES ('attr-007--doc-001-v1', 'doc-001', 'Liability Cap', 'Legal', 'Limitation of Liability', 1, 72, 'medium', '$500,000', '', 'In no event shall either party''s aggregate liability exceed Five Hundred Thousand Dollars ($500,000), except in cases of gross negligence or willful misconduct.', 'doc-001-v1', 'attr-007');
INSERT INTO attributes (id, documentId, name, category, section, page, confidenceScore, confidenceLevel, extractedValue, correctedValue, highlightedText, versionId, attributeKey) VALUES ('attr-008--doc-001-v1', 'doc-001', 'Auto-Renewal', 'Terms', 'Terms and Conditions', 1, 35, 'low', 'Yes', '', 'This Agreement shall automatically renew for successive one (1) year periods unless either party provides notice of non-renewal according to the procedures in Section 5.', 'doc-001-v1', 'attr-008');
INSERT INTO attributes (id, documentId, name, category, section, page, confidenceScore, confidenceLevel, extractedValue, correctedValue, highlightedText, versionId, attributeKey) VALUES ('attr-009--doc-001-v1', 'doc-001', 'Client Name', 'Parties', 'Parties', 1, 99, 'high', 'Acme Corporation', '', 'This Service Agreement ("Agreement") is entered into by and between Acme Corporation, a Delaware corporation ("Client"), and Contract AI Solutions, Inc. ("Provider").', 'doc-001-v1', 'attr-009');
INSERT INTO attributes (id, documentId, name, category, section, page, confidenceScore, confidenceLevel, extractedValue, correctedValue, highlightedText, versionId, attributeKey) VALUES ('attr-010--doc-001-v1', 'doc-001', 'Confidentiality Period', 'Legal', 'Confidentiality', 1, 85, 'high', '3 years', '', 'The confidentiality obligations set forth herein shall survive termination of this Agreement for a period of three (3) years.', 'doc-001-v1', 'attr-010');
INSERT INTO attributes (id, documentId, name, category, section, page, confidenceScore, confidenceLevel, extractedValue, correctedValue, highlightedText, versionId, attributeKey) VALUES ('attr-001--doc-001-v2', 'doc-001', 'Contract Start Date', 'Dates', 'Terms and Conditions', 1, 95, 'high', 'January 1, 2024', '', 'This Agreement shall commence on January 1, 2024 (the "Effective Date") and shall continue for a period of twelve (12) months unless earlier terminated in accordance with the provisions herein.', 'doc-001-v2', 'attr-001');
INSERT INTO attributes (id, documentId, name, category, section, page, confidenceScore, confidenceLevel, extractedValue, correctedValue, highlightedText, versionId, attributeKey) VALUES ('attr-002--doc-001-v2', 'doc-001', 'Contract End Date', 'Dates', 'Terms and Conditions', 1, 92, 'high', 'December 31, 2024', '', 'The initial term of this Agreement shall expire on December 31, 2024, subject to renewal provisions outlined in Section 5.2.', 'doc-001-v2', 'attr-002');
INSERT INTO attributes (id, documentId, name, category, section, page, confidenceScore, confidenceLevel, extractedValue, correctedValue, highlightedText, versionId, attributeKey) VALUES ('attr-003--doc-001-v2', 'doc-001', 'Total Contract Value', 'Financial', 'Payment Terms', 1, 75, 'medium', '$150,000', '', 'The total value of services under this Agreement shall not exceed One Hundred Fifty Thousand Dollars ($150,000) unless mutually agreed upon in writing by both parties.', 'doc-001-v2', 'attr-003');
INSERT INTO attributes (id, documentId, name, category, section, page, confidenceScore, confidenceLevel, extractedValue, correctedValue, highlightedText, versionId, attributeKey) VALUES ('attr-004--doc-001-v2', 'doc-001', 'Payment Terms', 'Financial', 'Payment Terms', 1, 89, 'high', 'Net 45', '', 'Payment shall be due within forty-five (45) days of invoice receipt. Late payments shall accrue interest at a rate of 1.5% per month.', 'doc-001-v2', 'attr-004');
INSERT INTO attributes (id, documentId, name, category, section, page, confidenceScore, confidenceLevel, extractedValue, correctedValue, highlightedText, versionId, attributeKey) VALUES ('attr-005--doc-001-v2', 'doc-001', 'Governing Law', 'Legal', 'General Provisions', 1, 98, 'high', 'State of Delaware', '', 'This Agreement shall be governed by and construed in accordance with the laws of the State of Delaware, without regard to its conflict of laws principles.', 'doc-001-v2', 'attr-005');
INSERT INTO attributes (id, documentId, name, category, section, page, confidenceScore, confidenceLevel, extractedValue, correctedValue, highlightedText, versionId, attributeKey) VALUES ('attr-006--doc-001-v2', 'doc-001', 'Termination Notice Period', 'Terms', 'Termination', 1, 40, 'low', '30 days', '', 'Either party may terminate this Agreement upon providing written notice to the other party. The notice period and specific conditions are outlined in the attached Schedule A.', 'doc-001-v2', 'attr-006');
INSERT INTO attributes (id, documentId, name, category, section, page, confidenceScore, confidenceLevel, extractedValue, correctedValue, highlightedText, versionId, attributeKey) VALUES ('attr-007--doc-001-v2', 'doc-001', 'Liability Cap', 'Legal', 'Limitation of Liability', 1, 72, 'medium', '$500,000', '', 'In no event shall either party''s aggregate liability exceed Five Hundred Thousand Dollars ($500,000), except in cases of gross negligence or willful misconduct.', 'doc-001-v2', 'attr-007');
INSERT INTO attributes (id, documentId, name, category, section, page, confidenceScore, confidenceLevel, extractedValue, correctedValue, highlightedText, versionId, attributeKey) VALUES ('attr-008--doc-001-v2', 'doc-001', 'Auto-Renewal', 'Terms', 'Terms and Conditions', 1, 35, 'low', 'Yes', '', 'This Agreement shall automatically renew for successive one (1) year periods unless either party provides notice of non-renewal according to the procedures in Section 5.', 'doc-001-v2', 'attr-008');
INSERT INTO attributes (id, documentId, name, category, section, page, confidenceScore, confidenceLevel, extractedValue, correctedValue, highlightedText, versionId, attributeKey) VALUES ('attr-009--doc-001-v2', 'doc-001', 'Client Name', 'Parties', 'Parties', 1, 99, 'high', 'Acme Corporation', '', 'This Service Agreement ("Agreement") is entered into by and between Acme Corporation, a Delaware corporation ("Client"), and Contract AI Solutions, Inc. ("Provider").', 'doc-001-v2', 'attr-009');
INSERT INTO attributes (id, documentId, name, category, section, page, confidenceScore, confidenceLevel, extractedValue, correctedValue, highlightedText, versionId, attributeKey) VALUES ('attr-010--doc-001-v2', 'doc-001', 'Confidentiality Period', 'Legal', 'Confidentiality', 1, 85, 'high', '3 years', '', 'The confidentiality obligations set forth herein shall survive termination of this Agreement for a period of three (3) years.', 'doc-001-v2', 'attr-010');
INSERT INTO attributes (id, documentId, name, category, section, page, confidenceScore, confidenceLevel, extractedValue, correctedValue, highlightedText, versionId, attributeKey) VALUES ('attr-001--doc-001-v3', 'doc-001', 'Contract Start Date', 'Dates', 'Terms and Conditions', 1, 95, 'high', 'January 1, 2024', '', 'This Agreement shall commence on January 1, 2024 (the "Effective Date") and shall continue for a period of twelve (12) months unless earlier terminated in accordance with the provisions herein.', 'doc-001-v3', 'attr-001');
INSERT INTO attributes (id, documentId, name, category, section, page, confidenceScore, confidenceLevel, extractedValue, correctedValue, highlightedText, versionId, attributeKey) VALUES ('attr-002--doc-001-v3', 'doc-001', 'Contract End Date', 'Dates', 'Terms and Conditions', 1, 92, 'high', 'December 31, 2024', '', 'The initial term of this Agreement shall expire on December 31, 2024, subject to renewal provisions outlined in Section 5.2.', 'doc-001-v3', 'attr-002');
INSERT INTO attributes (id, documentId, name, category, section, page, confidenceScore, confidenceLevel, extractedValue, correctedValue, highlightedText, versionId, attributeKey) VALUES ('attr-003--doc-001-v3', 'doc-001', 'Total Contract Value', 'Financial', 'Payment Terms', 1, 76, 'medium', '$160,000', '', 'The total value of services under this Agreement shall not exceed One Hundred Sixty Thousand Dollars ($160,000) unless mutually agreed upon in writing by both parties.', 'doc-001-v3', 'attr-003');
INSERT INTO attributes (id, documentId, name, category, section, page, confidenceScore, confidenceLevel, extractedValue, correctedValue, highlightedText, versionId, attributeKey) VALUES ('attr-004--doc-001-v3', 'doc-001', 'Payment Terms', 'Financial', 'Payment Terms', 1, 88, 'high', 'Net 45', '', 'Payment shall be due within forty-five (45) days of invoice receipt. Late payments shall accrue interest at a rate of 1.5% per month.', 'doc-001-v3', 'attr-004');
INSERT INTO attributes (id, documentId, name, category, section, page, confidenceScore, confidenceLevel, extractedValue, correctedValue, highlightedText, versionId, attributeKey) VALUES ('attr-005--doc-001-v3', 'doc-001', 'Governing Law', 'Legal', 'General Provisions', 1, 98, 'high', 'State of Delaware', '', 'This Agreement shall be governed by and construed in accordance with the laws of the State of Delaware, without regard to its conflict of laws principles.', 'doc-001-v3', 'attr-005');
INSERT INTO attributes (id, documentId, name, category, section, page, confidenceScore, confidenceLevel, extractedValue, correctedValue, highlightedText, versionId, attributeKey) VALUES ('attr-006--doc-001-v3', 'doc-001', 'Termination Notice Period', 'Terms', 'Termination', 1, 40, 'low', '30 days', '', 'Either party may terminate this Agreement upon providing written notice to the other party. The notice period and specific conditions are outlined in the attached Schedule A.', 'doc-001-v3', 'attr-006');
INSERT INTO attributes (id, documentId, name, category, section, page, confidenceScore, confidenceLevel, extractedValue, correctedValue, highlightedText, versionId, attributeKey) VALUES ('attr-007--doc-001-v3', 'doc-001', 'Liability Cap', 'Legal', 'Limitation of Liability', 1, 72, 'medium', '$500,000', '', 'In no event shall either party''s aggregate liability exceed Five Hundred Thousand Dollars ($500,000), except in cases of gross negligence or willful misconduct.', 'doc-001-v3', 'attr-007');
INSERT INTO attributes (id, documentId, name, category, section, page, confidenceScore, confidenceLevel, extractedValue, correctedValue, highlightedText, versionId, attributeKey) VALUES ('attr-008--doc-001-v3', 'doc-001', 'Auto-Renewal', 'Terms', 'Terms and Conditions', 1, 35, 'low', 'Yes', '', 'This Agreement shall automatically renew for successive one (1) year periods unless either party provides notice of non-renewal according to the procedures in Section 5.', 'doc-001-v3', 'attr-008');
INSERT INTO attributes (id, documentId, name, category, section, page, confidenceScore, confidenceLevel, extractedValue, correctedValue, highlightedText, versionId, attributeKey) VALUES ('attr-009--doc-001-v3', 'doc-001', 'Client Name', 'Parties', 'Parties', 1, 99, 'high', 'Acme Corporation', '', 'This Service Agreement ("Agreement") is entered into by and between Acme Corporation, a Delaware corporation ("Client"), and Contract AI Solutions, Inc. ("Provider").', 'doc-001-v3', 'attr-009');
INSERT INTO attributes (id, documentId, name, category, section, page, confidenceScore, confidenceLevel, extractedValue, correctedValue, highlightedText, versionId, attributeKey) VALUES ('attr-010--doc-001-v3', 'doc-001', 'Confidentiality Period', 'Legal', 'Confidentiality', 1, 85, 'high', '3 years', '', 'The confidentiality obligations set forth herein shall survive termination of this Agreement for a period of three (3) years.', 'doc-001-v3', 'attr-010');
INSERT INTO attributes (id, documentId, name, category, section, page, confidenceScore, confidenceLevel, extractedValue, correctedValue, highlightedText, versionId, attributeKey) VALUES ('attr-011--doc-002-v1', 'doc-002', 'Effective Date', 'Dates', 'Preamble', 1, 97, 'high', 'January 10, 2024', '', 'This Non-Disclosure Agreement is effective as of January 10, 2024 (the "Effective Date").', 'doc-002-v1', 'attr-011');
INSERT INTO attributes (id, documentId, name, category, section, page, confidenceScore, confidenceLevel, extractedValue, correctedValue, highlightedText, versionId, attributeKey) VALUES ('attr-012--doc-002-v1', 'doc-002', 'Disclosing Party', 'Parties', 'Parties', 1, 99, 'high', 'TechStart Inc.', '', 'TechStart Inc. ("Disclosing Party") and Contract AI Solutions ("Receiving Party") agree to the following terms.', 'doc-002-v1', 'attr-012');
INSERT INTO attributes (id, documentId, name, category, section, page, confidenceScore, confidenceLevel, extractedValue, correctedValue, highlightedText, versionId, attributeKey) VALUES ('attr-013--doc-002-v1', 'doc-002', 'Confidentiality Duration', 'Terms', 'Obligations', 1, 94, 'high', '5 years', '', 'The Receiving Party shall maintain confidentiality of all disclosed information for a period of five (5) years from the date of disclosure.', 'doc-002-v1', 'attr-013');
INSERT INTO attributes (id, documentId, name, category, section, page, confidenceScore, confidenceLevel, extractedValue, correctedValue, highlightedText, versionId, attributeKey) VALUES ('attr-014--doc-002-v1', 'doc-002', 'Governing Law', 'Legal', 'General', 1, 96, 'high', 'State of California', '', 'This Agreement shall be governed by and construed under the laws of the State of California.', 'doc-002-v1', 'attr-014');
INSERT INTO attributes (id, documentId, name, category, section, page, confidenceScore, confidenceLevel, extractedValue, correctedValue, highlightedText, versionId, attributeKey) VALUES ('attr-015--doc-002-v1', 'doc-002', 'Return of Materials', 'Terms', 'Obligations', 1, 88, 'high', 'Within 10 business days', '', 'Upon request, the Receiving Party shall return or destroy all confidential materials within ten (10) business days.', 'doc-002-v1', 'attr-015');
INSERT INTO attributes (id, documentId, name, category, section, page, confidenceScore, confidenceLevel, extractedValue, correctedValue, highlightedText, versionId, attributeKey) VALUES ('attr-016--doc-002-v1', 'doc-002', 'Permitted Disclosures', 'Terms', 'Exceptions', 1, 78, 'medium', 'Legal requirements only', '', 'Disclosure is permitted only when required by law, provided the Receiving Party gives prior notice.', 'doc-002-v1', 'attr-016');
INSERT INTO attributes (id, documentId, name, category, section, page, confidenceScore, confidenceLevel, extractedValue, correctedValue, highlightedText, versionId, attributeKey) VALUES ('attr-017--doc-002-v1', 'doc-002', 'Non-Compete Clause', 'Legal', 'Restrictions', 1, 65, 'medium', 'None', '', 'This Agreement does not impose any non-compete obligations on either party.', 'doc-002-v1', 'attr-017');
INSERT INTO attributes (id, documentId, name, category, section, page, confidenceScore, confidenceLevel, extractedValue, correctedValue, highlightedText, versionId, attributeKey) VALUES ('attr-018--doc-002-v1', 'doc-002', 'Amendment Process', 'Legal', 'General', 1, 92, 'high', 'Written consent required', '', 'Any amendment to this Agreement must be in writing and signed by both parties.', 'doc-002-v1', 'attr-018');
INSERT INTO attributes (id, documentId, name, category, section, page, confidenceScore, confidenceLevel, extractedValue, correctedValue, highlightedText, versionId, attributeKey) VALUES ('attr-011--doc-002-v2', 'doc-002', 'Effective Date', 'Dates', 'Preamble', 1, 97, 'high', 'January 10, 2024', '', 'This Non-Disclosure Agreement is effective as of January 10, 2024 (the "Effective Date").', 'doc-002-v2', 'attr-011');
INSERT INTO attributes (id, documentId, name, category, section, page, confidenceScore, confidenceLevel, extractedValue, correctedValue, highlightedText, versionId, attributeKey) VALUES ('attr-012--doc-002-v2', 'doc-002', 'Disclosing Party', 'Parties', 'Parties', 1, 99, 'high', 'TechStart Incorporated', '', 'TechStart Incorporated ("Disclosing Party") and Contract AI Solutions ("Receiving Party") agree to the following terms.', 'doc-002-v2', 'attr-012');
INSERT INTO attributes (id, documentId, name, category, section, page, confidenceScore, confidenceLevel, extractedValue, correctedValue, highlightedText, versionId, attributeKey) VALUES ('attr-013--doc-002-v2', 'doc-002', 'Confidentiality Duration', 'Terms', 'Obligations', 1, 94, 'high', '5 years', '', 'The Receiving Party shall maintain confidentiality of all disclosed information for a period of five (5) years from the date of disclosure.', 'doc-002-v2', 'attr-013');
INSERT INTO attributes (id, documentId, name, category, section, page, confidenceScore, confidenceLevel, extractedValue, correctedValue, highlightedText, versionId, attributeKey) VALUES ('attr-014--doc-002-v2', 'doc-002', 'Governing Law', 'Legal', 'General', 1, 96, 'high', 'State of California', '', 'This Agreement shall be governed by and construed under the laws of the State of California.', 'doc-002-v2', 'attr-014');
INSERT INTO attributes (id, documentId, name, category, section, page, confidenceScore, confidenceLevel, extractedValue, correctedValue, highlightedText, versionId, attributeKey) VALUES ('attr-015--doc-002-v2', 'doc-002', 'Return of Materials', 'Terms', 'Obligations', 1, 88, 'high', 'Within 10 business days', '', 'Upon request, the Receiving Party shall return or destroy all confidential materials within ten (10) business days.', 'doc-002-v2', 'attr-015');
INSERT INTO attributes (id, documentId, name, category, section, page, confidenceScore, confidenceLevel, extractedValue, correctedValue, highlightedText, versionId, attributeKey) VALUES ('attr-016--doc-002-v2', 'doc-002', 'Permitted Disclosures', 'Terms', 'Exceptions', 1, 78, 'medium', 'Legal requirements and court orders', '', 'Disclosure is permitted only when required by law or court order, provided the Receiving Party gives prior notice.', 'doc-002-v2', 'attr-016');
INSERT INTO attributes (id, documentId, name, category, section, page, confidenceScore, confidenceLevel, extractedValue, correctedValue, highlightedText, versionId, attributeKey) VALUES ('attr-017--doc-002-v2', 'doc-002', 'Non-Compete Clause', 'Legal', 'Restrictions', 1, 65, 'medium', 'None', '', 'This Agreement does not impose any non-compete obligations on either party.', 'doc-002-v2', 'attr-017');
INSERT INTO attributes (id, documentId, name, category, section, page, confidenceScore, confidenceLevel, extractedValue, correctedValue, highlightedText, versionId, attributeKey) VALUES ('attr-018--doc-002-v2', 'doc-002', 'Amendment Process', 'Legal', 'General', 1, 92, 'high', 'Written consent required', '', 'Any amendment to this Agreement must be in writing and signed by both parties.', 'doc-002-v2', 'attr-018');
INSERT INTO attributes (id, documentId, name, category, section, page, confidenceScore, confidenceLevel, extractedValue, correctedValue, highlightedText, versionId, attributeKey) VALUES ('attr-011--doc-002-v3', 'doc-002', 'Effective Date', 'Dates', 'Preamble', 1, 98, 'high', 'January 12, 2024', '', 'This Non-Disclosure Agreement is effective as of January 12, 2024 (the "Effective Date").', 'doc-002-v3', 'attr-011');
INSERT INTO attributes (id, documentId, name, category, section, page, confidenceScore, confidenceLevel, extractedValue, correctedValue, highlightedText, versionId, attributeKey) VALUES ('attr-012--doc-002-v3', 'doc-002', 'Disclosing Party', 'Parties', 'Parties', 1, 99, 'high', 'TechStart Inc.', '', 'TechStart Inc. ("Disclosing Party") and Contract AI Solutions ("Receiving Party") agree to the following terms.', 'doc-002-v3', 'attr-012');
INSERT INTO attributes (id, documentId, name, category, section, page, confidenceScore, confidenceLevel, extractedValue, correctedValue, highlightedText, versionId, attributeKey) VALUES ('attr-013--doc-002-v3', 'doc-002', 'Confidentiality Duration', 'Terms', 'Obligations', 1, 94, 'high', '5 years', '', 'The Receiving Party shall maintain confidentiality of all disclosed information for a period of five (5) years from the date of disclosure.', 'doc-002-v3', 'attr-013');
INSERT INTO attributes (id, documentId, name, category, section, page, confidenceScore, confidenceLevel, extractedValue, correctedValue, highlightedText, versionId, attributeKey) VALUES ('attr-014--doc-002-v3', 'doc-002', 'Governing Law', 'Legal', 'General', 1, 96, 'high', 'State of California', '', 'This Agreement shall be governed by and construed under the laws of the State of California.', 'doc-002-v3', 'attr-014');
INSERT INTO attributes (id, documentId, name, category, section, page, confidenceScore, confidenceLevel, extractedValue, correctedValue, highlightedText, versionId, attributeKey) VALUES ('attr-015--doc-002-v3', 'doc-002', 'Return of Materials', 'Terms', 'Obligations', 1, 88, 'high', 'Within 10 business days', '', 'Upon request, the Receiving Party shall return or destroy all confidential materials within ten (10) business days.', 'doc-002-v3', 'attr-015');
INSERT INTO attributes (id, documentId, name, category, section, page, confidenceScore, confidenceLevel, extractedValue, correctedValue, highlightedText, versionId, attributeKey) VALUES ('attr-016--doc-002-v3', 'doc-002', 'Permitted Disclosures', 'Terms', 'Exceptions', 1, 78, 'medium', 'Legal requirements and court orders', '', 'Disclosure is permitted only when required by law or court order, provided the Receiving Party gives prior notice.', 'doc-002-v3', 'attr-016');
INSERT INTO attributes (id, documentId, name, category, section, page, confidenceScore, confidenceLevel, extractedValue, correctedValue, highlightedText, versionId, attributeKey) VALUES ('attr-017--doc-002-v3', 'doc-002', 'Non-Compete Clause', 'Legal', 'Restrictions', 1, 65, 'medium', 'None', '', 'This Agreement does not impose any non-compete obligations on either party.', 'doc-002-v3', 'attr-017');
INSERT INTO attributes (id, documentId, name, category, section, page, confidenceScore, confidenceLevel, extractedValue, correctedValue, highlightedText, versionId, attributeKey) VALUES ('attr-018--doc-002-v3', 'doc-002', 'Amendment Process', 'Legal', 'General', 1, 92, 'high', 'Written consent required', '', 'Any amendment to this Agreement must be in writing and signed by both parties.', 'doc-002-v3', 'attr-018');
INSERT INTO attributes (id, documentId, name, category, section, page, confidenceScore, confidenceLevel, extractedValue, correctedValue, highlightedText, versionId, attributeKey) VALUES ('attr-019--doc-003-v1', 'doc-003', 'Agreement Type', 'General', 'Preamble', 1, 99, 'high', 'Master Services Agreement', '', 'This Master Services Agreement ("MSA") governs the relationship between GlobalTech Solutions and the Client.', 'doc-003-v1', 'attr-019');
INSERT INTO attributes (id, documentId, name, category, section, page, confidenceScore, confidenceLevel, extractedValue, correctedValue, highlightedText, versionId, attributeKey) VALUES ('attr-020--doc-003-v1', 'doc-003', 'Term Length', 'Dates', 'Term', 1, 45, 'low', '3 years', '', 'The initial term shall be for a period as specified in the applicable Statement of Work, generally expected to span multiple years.', 'doc-003-v1', 'attr-020');
INSERT INTO attributes (id, documentId, name, category, section, page, confidenceScore, confidenceLevel, extractedValue, correctedValue, highlightedText, versionId, attributeKey) VALUES ('attr-021--doc-003-v1', 'doc-003', 'Service Scope', 'Terms', 'Services', 1, 72, 'medium', 'IT Consulting and Development', '', 'Provider shall deliver IT consulting, software development, and related professional services as detailed in each Statement of Work.', 'doc-003-v1', 'attr-021');
INSERT INTO attributes (id, documentId, name, category, section, page, confidenceScore, confidenceLevel, extractedValue, correctedValue, highlightedText, versionId, attributeKey) VALUES ('attr-022--doc-003-v1', 'doc-003', 'Rate Card', 'Financial', 'Pricing', 1, 38, 'low', '$150-$300/hour', '', 'Rates for services shall be as set forth in Exhibit B, which may be updated annually subject to mutual agreement.', 'doc-003-v1', 'attr-022');
INSERT INTO attributes (id, documentId, name, category, section, page, confidenceScore, confidenceLevel, extractedValue, correctedValue, highlightedText, versionId, attributeKey) VALUES ('attr-023--doc-003-v1', 'doc-003', 'SLA Uptime', 'Terms', 'Service Levels', 1, 89, 'high', '99.5%', '', 'Provider guarantees 99.5% uptime for all hosted services during business hours.', 'doc-003-v1', 'attr-023');
INSERT INTO attributes (id, documentId, name, category, section, page, confidenceScore, confidenceLevel, extractedValue, correctedValue, highlightedText, versionId, attributeKey) VALUES ('attr-024--doc-003-v1', 'doc-003', 'Data Protection', 'Legal', 'Data Privacy', 1, 91, 'high', 'GDPR Compliant', '', 'Provider shall process all personal data in accordance with GDPR and applicable data protection regulations.', 'doc-003-v1', 'attr-024');
INSERT INTO attributes (id, documentId, name, category, section, page, confidenceScore, confidenceLevel, extractedValue, correctedValue, highlightedText, versionId, attributeKey) VALUES ('attr-019--doc-003-v2', 'doc-003', 'Agreement Type', 'General', 'Preamble', 1, 99, 'high', 'Master Services Agreement', '', 'This Master Services Agreement ("MSA") governs the relationship between GlobalTech Solutions and the Client.', 'doc-003-v2', 'attr-019');
INSERT INTO attributes (id, documentId, name, category, section, page, confidenceScore, confidenceLevel, extractedValue, correctedValue, highlightedText, versionId, attributeKey) VALUES ('attr-020--doc-003-v2', 'doc-003', 'Term Length', 'Dates', 'Term', 1, 45, 'low', '3 years', '', 'The initial term shall be for a period as specified in the applicable Statement of Work, generally expected to span multiple years.', 'doc-003-v2', 'attr-020');
INSERT INTO attributes (id, documentId, name, category, section, page, confidenceScore, confidenceLevel, extractedValue, correctedValue, highlightedText, versionId, attributeKey) VALUES ('attr-021--doc-003-v2', 'doc-003', 'Service Scope', 'Terms', 'Services', 1, 72, 'medium', 'IT Consulting and Development', '', 'Provider shall deliver IT consulting, software development, and related professional services as detailed in each Statement of Work.', 'doc-003-v2', 'attr-021');
INSERT INTO attributes (id, documentId, name, category, section, page, confidenceScore, confidenceLevel, extractedValue, correctedValue, highlightedText, versionId, attributeKey) VALUES ('attr-022--doc-003-v2', 'doc-003', 'Rate Card', 'Financial', 'Pricing', 1, 38, 'low', '$150-$300/hour', '', 'Rates for services shall be as set forth in Exhibit B, which may be updated annually subject to mutual agreement.', 'doc-003-v2', 'attr-022');
INSERT INTO attributes (id, documentId, name, category, section, page, confidenceScore, confidenceLevel, extractedValue, correctedValue, highlightedText, versionId, attributeKey) VALUES ('attr-023--doc-003-v2', 'doc-003', 'SLA Uptime', 'Terms', 'Service Levels', 1, 90, 'high', '99.9%', '', 'Provider guarantees 99.9% uptime for all hosted services during business hours.', 'doc-003-v2', 'attr-023');
INSERT INTO attributes (id, documentId, name, category, section, page, confidenceScore, confidenceLevel, extractedValue, correctedValue, highlightedText, versionId, attributeKey) VALUES ('attr-024--doc-003-v2', 'doc-003', 'Data Protection', 'Legal', 'Data Privacy', 1, 91, 'high', 'GDPR Compliant', '', 'Provider shall process all personal data in accordance with GDPR and applicable data protection regulations.', 'doc-003-v2', 'attr-024');
INSERT INTO attributes (id, documentId, name, category, section, page, confidenceScore, confidenceLevel, extractedValue, correctedValue, highlightedText, versionId, attributeKey) VALUES ('attr-019--doc-003-v3', 'doc-003', 'Agreement Type', 'General', 'Preamble', 1, 99, 'high', 'Master Services Agreement', '', 'This Master Services Agreement ("MSA") governs the relationship between GlobalTech Solutions and the Client.', 'doc-003-v3', 'attr-019');
INSERT INTO attributes (id, documentId, name, category, section, page, confidenceScore, confidenceLevel, extractedValue, correctedValue, highlightedText, versionId, attributeKey) VALUES ('attr-020--doc-003-v3', 'doc-003', 'Term Length', 'Dates', 'Term', 1, 45, 'low', '3 years', '', 'The initial term shall be for a period as specified in the applicable Statement of Work, generally expected to span multiple years.', 'doc-003-v3', 'attr-020');
INSERT INTO attributes (id, documentId, name, category, section, page, confidenceScore, confidenceLevel, extractedValue, correctedValue, highlightedText, versionId, attributeKey) VALUES ('attr-021--doc-003-v3', 'doc-003', 'Service Scope', 'Terms', 'Services', 1, 72, 'medium', 'IT Consulting and Development', '', 'Provider shall deliver IT consulting, software development, and related professional services as detailed in each Statement of Work.', 'doc-003-v3', 'attr-021');
INSERT INTO attributes (id, documentId, name, category, section, page, confidenceScore, confidenceLevel, extractedValue, correctedValue, highlightedText, versionId, attributeKey) VALUES ('attr-022--doc-003-v3', 'doc-003', 'Rate Card', 'Financial', 'Pricing', 1, 39, 'low', '$160-$320/hour', '', 'Rates for services shall be as set forth in Exhibit B ($160–$320/hour), which may be updated annually subject to mutual agreement.', 'doc-003-v3', 'attr-022');
INSERT INTO attributes (id, documentId, name, category, section, page, confidenceScore, confidenceLevel, extractedValue, correctedValue, highlightedText, versionId, attributeKey) VALUES ('attr-023--doc-003-v3', 'doc-003', 'SLA Uptime', 'Terms', 'Service Levels', 1, 89, 'high', '99.9%', '', 'Provider guarantees 99.9% uptime for all hosted services during business hours.', 'doc-003-v3', 'attr-023');
INSERT INTO attributes (id, documentId, name, category, section, page, confidenceScore, confidenceLevel, extractedValue, correctedValue, highlightedText, versionId, attributeKey) VALUES ('attr-024--doc-003-v3', 'doc-003', 'Data Protection', 'Legal', 'Data Privacy', 1, 91, 'high', 'GDPR Compliant', '', 'Provider shall process all personal data in accordance with GDPR and applicable data protection regulations.', 'doc-003-v3', 'attr-024');
INSERT INTO attributes (id, documentId, name, category, section, page, confidenceScore, confidenceLevel, extractedValue, correctedValue, highlightedText, versionId, attributeKey) VALUES ('attr-025--doc-004-v1', 'doc-004', 'License Type', 'Terms', 'Grant', 1, 98, 'high', 'Enterprise Site License', '', 'Licensor grants Licensee a non-exclusive, enterprise-wide site license to use the Software.', 'doc-004-v1', 'attr-025');
INSERT INTO attributes (id, documentId, name, category, section, page, confidenceScore, confidenceLevel, extractedValue, correctedValue, highlightedText, versionId, attributeKey) VALUES ('attr-026--doc-004-v1', 'doc-004', 'Licensed Users', 'Terms', 'Scope', 1, 95, 'high', 'Unlimited', '', 'The license permits unlimited users within the Licensee''s organization.', 'doc-004-v1', 'attr-026');
INSERT INTO attributes (id, documentId, name, category, section, page, confidenceScore, confidenceLevel, extractedValue, correctedValue, highlightedText, versionId, attributeKey) VALUES ('attr-027--doc-004-v1', 'doc-004', 'Annual Fee', 'Financial', 'Fees', 1, 97, 'high', '$75,000', '', 'The annual license fee shall be Seventy-Five Thousand Dollars ($75,000), payable in advance.', 'doc-004-v1', 'attr-027');
INSERT INTO attributes (id, documentId, name, category, section, page, confidenceScore, confidenceLevel, extractedValue, correctedValue, highlightedText, versionId, attributeKey) VALUES ('attr-028--doc-004-v1', 'doc-004', 'Support Level', 'Terms', 'Support', 1, 93, 'high', '24/7 Premium Support', '', 'License includes 24/7 premium support with 4-hour response time for critical issues.', 'doc-004-v1', 'attr-028');
INSERT INTO attributes (id, documentId, name, category, section, page, confidenceScore, confidenceLevel, extractedValue, correctedValue, highlightedText, versionId, attributeKey) VALUES ('attr-029--doc-004-v1', 'doc-004', 'Intellectual Property', 'Legal', 'IP Rights', 1, 96, 'high', 'Retained by Licensor', '', 'All intellectual property rights in the Software remain with the Licensor.', 'doc-004-v1', 'attr-029');
INSERT INTO attributes (id, documentId, name, category, section, page, confidenceScore, confidenceLevel, extractedValue, correctedValue, highlightedText, versionId, attributeKey) VALUES ('attr-025--doc-004-v2', 'doc-004', 'License Type', 'Terms', 'Grant', 1, 98, 'high', 'Enterprise Site License', '', 'Licensor grants Licensee a non-exclusive, enterprise-wide site license to use the Software.', 'doc-004-v2', 'attr-025');
INSERT INTO attributes (id, documentId, name, category, section, page, confidenceScore, confidenceLevel, extractedValue, correctedValue, highlightedText, versionId, attributeKey) VALUES ('attr-026--doc-004-v2', 'doc-004', 'Licensed Users', 'Terms', 'Scope', 1, 95, 'high', 'Unlimited', '', 'The license permits unlimited users within the Licensee''s organization.', 'doc-004-v2', 'attr-026');
INSERT INTO attributes (id, documentId, name, category, section, page, confidenceScore, confidenceLevel, extractedValue, correctedValue, highlightedText, versionId, attributeKey) VALUES ('attr-027--doc-004-v2', 'doc-004', 'Annual Fee', 'Financial', 'Fees', 1, 98, 'high', '$80,000', '', 'The annual license fee shall be Eighty Thousand Dollars ($80,000), payable in advance.', 'doc-004-v2', 'attr-027');
INSERT INTO attributes (id, documentId, name, category, section, page, confidenceScore, confidenceLevel, extractedValue, correctedValue, highlightedText, versionId, attributeKey) VALUES ('attr-028--doc-004-v2', 'doc-004', 'Support Level', 'Terms', 'Support', 1, 93, 'high', '24/7 Premium Support', '', 'License includes 24/7 premium support with 4-hour response time for critical issues.', 'doc-004-v2', 'attr-028');
INSERT INTO attributes (id, documentId, name, category, section, page, confidenceScore, confidenceLevel, extractedValue, correctedValue, highlightedText, versionId, attributeKey) VALUES ('attr-029--doc-004-v2', 'doc-004', 'Intellectual Property', 'Legal', 'IP Rights', 1, 96, 'high', 'Retained by Licensor', '', 'All intellectual property rights in the Software remain with the Licensor.', 'doc-004-v2', 'attr-029');
INSERT INTO attributes (id, documentId, name, category, section, page, confidenceScore, confidenceLevel, extractedValue, correctedValue, highlightedText, versionId, attributeKey) VALUES ('attr-025--doc-004-v3', 'doc-004', 'License Type', 'Terms', 'Grant', 1, 98, 'high', 'Enterprise Site License', '', 'Licensor grants Licensee a non-exclusive, enterprise-wide site license to use the Software.', 'doc-004-v3', 'attr-025');
INSERT INTO attributes (id, documentId, name, category, section, page, confidenceScore, confidenceLevel, extractedValue, correctedValue, highlightedText, versionId, attributeKey) VALUES ('attr-026--doc-004-v3', 'doc-004', 'Licensed Users', 'Terms', 'Scope', 1, 95, 'high', 'Unlimited', '', 'The license permits unlimited users within the Licensee''s organization.', 'doc-004-v3', 'attr-026');
INSERT INTO attributes (id, documentId, name, category, section, page, confidenceScore, confidenceLevel, extractedValue, correctedValue, highlightedText, versionId, attributeKey) VALUES ('attr-027--doc-004-v3', 'doc-004', 'Annual Fee', 'Financial', 'Fees', 1, 97, 'high', '$80,000', '', 'The annual license fee shall be Eighty Thousand Dollars ($80,000), payable in advance.', 'doc-004-v3', 'attr-027');
INSERT INTO attributes (id, documentId, name, category, section, page, confidenceScore, confidenceLevel, extractedValue, correctedValue, highlightedText, versionId, attributeKey) VALUES ('attr-028--doc-004-v3', 'doc-004', 'Support Level', 'Terms', 'Support', 1, 94, 'high', '24/7 Platinum Support', '', 'License includes 24/7 platinum support with 2-hour response time for critical issues.', 'doc-004-v3', 'attr-028');
INSERT INTO attributes (id, documentId, name, category, section, page, confidenceScore, confidenceLevel, extractedValue, correctedValue, highlightedText, versionId, attributeKey) VALUES ('attr-029--doc-004-v3', 'doc-004', 'Intellectual Property', 'Legal', 'IP Rights', 1, 96, 'high', 'Retained by Licensor', '', 'All intellectual property rights in the Software remain with the Licensor.', 'doc-004-v3', 'attr-029');
INSERT INTO attributes (id, documentId, name, category, section, page, confidenceScore, confidenceLevel, extractedValue, correctedValue, highlightedText, versionId, attributeKey) VALUES ('attr-030--doc-005-v1', 'doc-005', 'Consultant Name', 'Parties', 'Parties', 1, 99, 'high', 'Innovation Labs LLC', '', 'This Consulting Agreement is between Innovation Labs LLC ("Consultant") and the Client.', 'doc-005-v1', 'attr-030');
INSERT INTO attributes (id, documentId, name, category, section, page, confidenceScore, confidenceLevel, extractedValue, correctedValue, highlightedText, versionId, attributeKey) VALUES ('attr-031--doc-005-v1', 'doc-005', 'Project Duration', 'Dates', 'Term', 1, 68, 'medium', '6 months', '', 'The initial project engagement is expected to span approximately six months, subject to milestone completion.', 'doc-005-v1', 'attr-031');
INSERT INTO attributes (id, documentId, name, category, section, page, confidenceScore, confidenceLevel, extractedValue, correctedValue, highlightedText, versionId, attributeKey) VALUES ('attr-032--doc-005-v1', 'doc-005', 'Deliverables', 'Terms', 'Scope', 1, 42, 'low', 'Strategic Assessment Report', '', 'Consultant shall deliver reports, analyses, and recommendations as outlined in the project plan attached as Exhibit A.', 'doc-005-v1', 'attr-032');
INSERT INTO attributes (id, documentId, name, category, section, page, confidenceScore, confidenceLevel, extractedValue, correctedValue, highlightedText, versionId, attributeKey) VALUES ('attr-033--doc-005-v1', 'doc-005', 'Consulting Rate', 'Financial', 'Compensation', 1, 85, 'high', '$250/hour', '', 'Consultant shall be compensated at a rate of Two Hundred Fifty Dollars ($250) per hour for services rendered.', 'doc-005-v1', 'attr-033');
INSERT INTO attributes (id, documentId, name, category, section, page, confidenceScore, confidenceLevel, extractedValue, correctedValue, highlightedText, versionId, attributeKey) VALUES ('attr-034--doc-005-v1', 'doc-005', 'Expense Policy', 'Financial', 'Expenses', 1, 78, 'medium', 'Pre-approved only', '', 'Reimbursable expenses must be pre-approved by Client and accompanied by receipts.', 'doc-005-v1', 'attr-034');
INSERT INTO attributes (id, documentId, name, category, section, page, confidenceScore, confidenceLevel, extractedValue, correctedValue, highlightedText, versionId, attributeKey) VALUES ('attr-035--doc-005-v1', 'doc-005', 'Work Product Ownership', 'Legal', 'IP Rights', 1, 91, 'high', 'Client owns all deliverables', '', 'All work product and deliverables created under this Agreement shall be owned by the Client.', 'doc-005-v1', 'attr-035');
INSERT INTO attributes (id, documentId, name, category, section, page, confidenceScore, confidenceLevel, extractedValue, correctedValue, highlightedText, versionId, attributeKey) VALUES ('attr-030--doc-005-v2', 'doc-005', 'Consultant Name', 'Parties', 'Parties', 1, 99, 'high', 'Innovation Labs LLC', '', 'This Consulting Agreement is between Innovation Labs LLC ("Consultant") and the Client.', 'doc-005-v2', 'attr-030');
INSERT INTO attributes (id, documentId, name, category, section, page, confidenceScore, confidenceLevel, extractedValue, correctedValue, highlightedText, versionId, attributeKey) VALUES ('attr-031--doc-005-v2', 'doc-005', 'Project Duration', 'Dates', 'Term', 1, 68, 'medium', '6 months', '', 'The initial project engagement is expected to span approximately six months, subject to milestone completion.', 'doc-005-v2', 'attr-031');
INSERT INTO attributes (id, documentId, name, category, section, page, confidenceScore, confidenceLevel, extractedValue, correctedValue, highlightedText, versionId, attributeKey) VALUES ('attr-032--doc-005-v2', 'doc-005', 'Deliverables', 'Terms', 'Scope', 1, 42, 'low', 'Strategic Assessment Report', '', 'Consultant shall deliver reports, analyses, and recommendations as outlined in the project plan attached as Exhibit A.', 'doc-005-v2', 'attr-032');
INSERT INTO attributes (id, documentId, name, category, section, page, confidenceScore, confidenceLevel, extractedValue, correctedValue, highlightedText, versionId, attributeKey) VALUES ('attr-033--doc-005-v2', 'doc-005', 'Consulting Rate', 'Financial', 'Compensation', 1, 86, 'high', '$275/hour', '', 'Consultant shall be compensated at a rate of Two Hundred Seventy-Five Dollars ($275) per hour for services rendered.', 'doc-005-v2', 'attr-033');
INSERT INTO attributes (id, documentId, name, category, section, page, confidenceScore, confidenceLevel, extractedValue, correctedValue, highlightedText, versionId, attributeKey) VALUES ('attr-034--doc-005-v2', 'doc-005', 'Expense Policy', 'Financial', 'Expenses', 1, 78, 'medium', 'Pre-approved only', '', 'Reimbursable expenses must be pre-approved by Client and accompanied by receipts.', 'doc-005-v2', 'attr-034');
INSERT INTO attributes (id, documentId, name, category, section, page, confidenceScore, confidenceLevel, extractedValue, correctedValue, highlightedText, versionId, attributeKey) VALUES ('attr-035--doc-005-v2', 'doc-005', 'Work Product Ownership', 'Legal', 'IP Rights', 1, 91, 'high', 'Client owns all deliverables', '', 'All work product and deliverables created under this Agreement shall be owned by the Client.', 'doc-005-v2', 'attr-035');
INSERT INTO attributes (id, documentId, name, category, section, page, confidenceScore, confidenceLevel, extractedValue, correctedValue, highlightedText, versionId, attributeKey) VALUES ('attr-030--doc-005-v3', 'doc-005', 'Consultant Name', 'Parties', 'Parties', 1, 99, 'high', 'Innovation Labs LLC', '', 'This Consulting Agreement is between Innovation Labs LLC ("Consultant") and the Client.', 'doc-005-v3', 'attr-030');
INSERT INTO attributes (id, documentId, name, category, section, page, confidenceScore, confidenceLevel, extractedValue, correctedValue, highlightedText, versionId, attributeKey) VALUES ('attr-031--doc-005-v3', 'doc-005', 'Project Duration', 'Dates', 'Term', 1, 69, 'medium', '7 months', '', 'The initial project engagement is expected to span approximately seven months, subject to milestone completion.', 'doc-005-v3', 'attr-031');
INSERT INTO attributes (id, documentId, name, category, section, page, confidenceScore, confidenceLevel, extractedValue, correctedValue, highlightedText, versionId, attributeKey) VALUES ('attr-032--doc-005-v3', 'doc-005', 'Deliverables', 'Terms', 'Scope', 1, 42, 'low', 'Strategic Assessment Report', '', 'Consultant shall deliver reports, analyses, and recommendations as outlined in the project plan attached as Exhibit A.', 'doc-005-v3', 'attr-032');
INSERT INTO attributes (id, documentId, name, category, section, page, confidenceScore, confidenceLevel, extractedValue, correctedValue, highlightedText, versionId, attributeKey) VALUES ('attr-033--doc-005-v3', 'doc-005', 'Consulting Rate', 'Financial', 'Compensation', 1, 85, 'high', '$275/hour', '', 'Consultant shall be compensated at a rate of Two Hundred Seventy-Five Dollars ($275) per hour for services rendered.', 'doc-005-v3', 'attr-033');
INSERT INTO attributes (id, documentId, name, category, section, page, confidenceScore, confidenceLevel, extractedValue, correctedValue, highlightedText, versionId, attributeKey) VALUES ('attr-034--doc-005-v3', 'doc-005', 'Expense Policy', 'Financial', 'Expenses', 1, 78, 'medium', 'Pre-approved only', '', 'Reimbursable expenses must be pre-approved by Client and accompanied by receipts.', 'doc-005-v3', 'attr-034');
INSERT INTO attributes (id, documentId, name, category, section, page, confidenceScore, confidenceLevel, extractedValue, correctedValue, highlightedText, versionId, attributeKey) VALUES ('attr-035--doc-005-v3', 'doc-005', 'Work Product Ownership', 'Legal', 'IP Rights', 1, 91, 'high', 'Client owns all deliverables', '', 'All work product and deliverables created under this Agreement shall be owned by the Client.', 'doc-005-v3', 'attr-035');

